/*!40101 SET @OLD_CHARACTER_SET_CLIENT=@@CHARACTER_SET_CLIENT */;
/*!40101 SET @OLD_CHARACTER_SET_RESULTS=@@CHARACTER_SET_RESULTS */;
/*!40101 SET @OLD_COLLATION_CONNECTION=@@COLLATION_CONNECTION */;
/*!40101 SET NAMES utf8 */;
/*!40103 SET @OLD_TIME_ZONE=@@TIME_ZONE */;
/*!40103 SET TIME_ZONE='+00:00' */;
/*!40014 SET @OLD_UNIQUE_CHECKS=@@UNIQUE_CHECKS, UNIQUE_CHECKS=0 */;
/*!40014 SET @OLD_FOREIGN_KEY_CHECKS=@@FOREIGN_KEY_CHECKS, FOREIGN_KEY_CHECKS=0 */;
/*!40101 SET @OLD_SQL_MODE=@@SQL_MODE, SQL_MODE='NO_AUTO_VALUE_ON_ZERO' */;
/*!40111 SET @OLD_SQL_NOTES=@@SQL_NOTES, SQL_NOTES=0 */;


LOCK TABLES `admin_properties` WRITE;
INSERT INTO `admin_properties` VALUES ('clinic1','allow_dda','1'),('clinic1','basic_account_comment',''),('clinic1','cgm','1'),('clinic1','clinic_phone',''),('clinic1','default_pdf_profile',''),('clinic1','diasend_one','1'),('clinic1','emr_support','1'),('clinic1','fdb','1'),('clinic1','fileupload_support','5'),('clinic1','hcp_account_id','52-34215'),('clinic1','individual_login_support','1'),('clinic1','patuom','1'),('clinic1','pdfwiz_behaviour','2'),('clinic1','pen_support','1'),('clinic1','plic_support','1'),('clinic1','time_zone','Europe/Stockholm'),('clinic1','tm_cell',''),('clinic1','xfield_0',''),('clinic1','xfield_0_comment',''),('clinic1','xfield_1',''),('clinic1','xfield_10',''),('clinic1','xfield_10_comment',''),('clinic1','xfield_11',''),('clinic1','xfield_11_comment',''),('clinic1','xfield_12',''),('clinic1','xfield_12_comment',''),('clinic1','xfield_13',''),('clinic1','xfield_13_comment',''),('clinic1','xfield_14',''),('clinic1','xfield_14_comment',''),('clinic1','xfield_15',''),('clinic1','xfield_15_comment',''),('clinic1','xfield_16',''),('clinic1','xfield_16_comment',''),('clinic1','xfield_17',''),('clinic1','xfield_17_comment',''),('clinic1','xfield_18',''),('clinic1','xfield_18_comment',''),('clinic1','xfield_19',''),('clinic1','xfield_19_comment',''),('clinic1','xfield_1_comment',''),('clinic1','xfield_2',''),('clinic1','xfield_20',''),('clinic1','xfield_20_comment',''),('clinic1','xfield_21',''),('clinic1','xfield_21_comment',''),('clinic1','xfield_22',''),('clinic1','xfield_22_comment',''),('clinic1','xfield_23',''),('clinic1','xfield_23_comment',''),('clinic1','xfield_24',''),('clinic1','xfield_24_comment',''),('clinic1','xfield_25',''),('clinic1','xfield_25_comment',''),('clinic1','xfield_2_comment',''),('clinic1','xfield_3',''),('clinic1','xfield_3_comment',''),('clinic1','xfield_4',''),('clinic1','xfield_4_comment',''),('clinic1','xfield_5',''),('clinic1','xfield_5_comment',''),('clinic1','xfield_6',''),('clinic1','xfield_6_comment',''),('clinic1','xfield_7',''),('clinic1','xfield_7_comment',''),('clinic1','xfield_8',''),('clinic1','xfield_8_comment',''),('clinic1','xfield_9',''),('clinic1','xfield_9_comment',''),('clinic1_fr','allow_dda','1'),('clinic1_fr','basic_account_comment',''),('clinic1_fr','cgm','1'),('clinic1_fr','clinic_phone',''),('clinic1_fr','default_pdf_profile',''),('clinic1_fr','diasend_one','1'),('clinic1_fr','emr_support','1'),('clinic1_fr','fdb','1'),('clinic1_fr','fileupload_support','5'),('clinic1_fr','hcp_account_id','95-29450'),('clinic1_fr','hide_pii','1'),('clinic1_fr','individual_login_support','1'),('clinic1_fr','patuom','1'),('clinic1_fr','pdfwiz_behaviour','2'),('clinic1_fr','pen_support','1'),('clinic1_fr','plic_support','1'),('clinic1_fr','time_zone','Europe/Stockholm'),('clinic1_fr','tm_cell',''),('clinic1_fr','xfield_0',''),('clinic1_fr','xfield_0_comment',''),('clinic1_fr','xfield_1',''),('clinic1_fr','xfield_10',''),('clinic1_fr','xfield_10_comment',''),('clinic1_fr','xfield_11',''),('clinic1_fr','xfield_11_comment',''),('clinic1_fr','xfield_12',''),('clinic1_fr','xfield_12_comment',''),('clinic1_fr','xfield_13',''),('clinic1_fr','xfield_13_comment',''),('clinic1_fr','xfield_14',''),('clinic1_fr','xfield_14_comment',''),('clinic1_fr','xfield_15',''),('clinic1_fr','xfield_15_comment',''),('clinic1_fr','xfield_16',''),('clinic1_fr','xfield_16_comment',''),('clinic1_fr','xfield_17',''),('clinic1_fr','xfield_17_comment',''),('clinic1_fr','xfield_18',''),('clinic1_fr','xfield_18_comment',''),('clinic1_fr','xfield_19',''),('clinic1_fr','xfield_19_comment',''),('clinic1_fr','xfield_1_comment',''),('clinic1_fr','xfield_2',''),('clinic1_fr','xfield_20',''),('clinic1_fr','xfield_20_comment',''),('clinic1_fr','xfield_21',''),('clinic1_fr','xfield_21_comment',''),('clinic1_fr','xfield_22',''),('clinic1_fr','xfield_22_comment',''),('clinic1_fr','xfield_23',''),('clinic1_fr','xfield_23_comment',''),('clinic1_fr','xfield_24',''),('clinic1_fr','xfield_24_comment',''),('clinic1_fr','xfield_25',''),('clinic1_fr','xfield_25_comment',''),('clinic1_fr','xfield_2_comment',''),('clinic1_fr','xfield_3',''),('clinic1_fr','xfield_3_comment',''),('clinic1_fr','xfield_4',''),('clinic1_fr','xfield_4_comment',''),('clinic1_fr','xfield_5',''),('clinic1_fr','xfield_5_comment',''),('clinic1_fr','xfield_6',''),('clinic1_fr','xfield_6_comment',''),('clinic1_fr','xfield_7',''),('clinic1_fr','xfield_7_comment',''),('clinic1_fr','xfield_8',''),('clinic1_fr','xfield_8_comment',''),('clinic1_fr','xfield_9',''),('clinic1_fr','xfield_9_comment','');
UNLOCK TABLES;
LOCK TABLES `admins` WRITE;
INSERT INTO `admins` VALUES ('clinic1','jocrVJu9UJJcBqO38PJeSFTejZZKgJdgfoEOZ4tbZqCjjNxSilzWQKGmQ+q47exyc9FG7X9RN3aI4l4NUf3Wqg==','e7chsivqxi0cgo4so0sk4s4s48oc8w4','','clinic1','','','',' ','diadmin',NULL),('clinic1_fr','6j5RLMdcrg0842I99QWv1/EcpqWEyLkE+ZdMl+2mb8xSGYYc9kJTexzyjE13M730/yyoItLEDV1m1zyerOrxJA==','c1w738kpiugo8kc8kgo044s8cwsosgo','','clinic1_fr','','','',' ','diadmin',NULL);
UNLOCK TABLES;
LOCK TABLES `login_activity` WRITE;
INSERT INTO `login_activity` VALUES (1,'2013-06-12 07:12:14',1484990850,'diadmin',NULL,'failed','super_admin','Mozilla/5.0 (Macintosh; Intel Mac OS X 10_8_4) AppleWebKit/537.36 (KHTML, like Gecko) Chrome/27.0.1453.110 Safari/537.36'),(2,'2013-06-12 07:12:21',1484990850,'diadmin',NULL,'ok','super_admin','Mozilla/5.0 (Macintosh; Intel Mac OS X 10_8_4) AppleWebKit/537.36 (KHTML, like Gecko) Chrome/27.0.1453.110 Safari/537.36');
UNLOCK TABLES;
LOCK TABLES `registration_events` WRITE;
INSERT INTO `registration_events` VALUES (1,'french.srpa@diasend.com','new_registration','2013-06-12 05:25:05','trial','7300','2033-06-07 05:25:05',NULL),(2,'swedish.srpa@diasend.com','new_registration','2013-06-12 05:31:21','trial','30','2013-07-12 05:31:21',NULL);
UNLOCK TABLES;
LOCK TABLES `user_properties` WRITE;
INSERT INTO `user_properties` VALUES ('french.srpa@diasend.com','account_expire',2001734705),('french.srpa@diasend.com','animas',1),('french.srpa@diasend.com','cgm',1),('french.srpa@diasend.com','country',109),('french.srpa@diasend.com','fdb',1),('french.srpa@diasend.com','fileupload_srpa',1),('french.srpa@diasend.com','sms_support',1),('swedish.srpa@diasend.com','account_expire',1373607081),('swedish.srpa@diasend.com','cgm',1),('swedish.srpa@diasend.com','country',101),('swedish.srpa@diasend.com','fdb',1),('swedish.srpa@diasend.com','fileupload_srpa',1),('swedish.srpa@diasend.com','gender',1),('swedish.srpa@diasend.com','length',1),('swedish.srpa@diasend.com','sms_support',1),('swedish.srpa@diasend.com','weight',1);
UNLOCK TABLES;
LOCK TABLES `user_strings` WRITE;
INSERT INTO `user_strings` VALUES ('french.srpa@diasend.com','city','Not Provided'),('french.srpa@diasend.com','email','french.srpa@diasend.com'),('french.srpa@diasend.com','postal_code','Not Provided'),('french.srpa@diasend.com','pwren_email','6fe90058443d88212988a41910553f97'),('swedish.srpa@diasend.com','address','Not Provided'),('swedish.srpa@diasend.com','city','Not Provided'),('swedish.srpa@diasend.com','email','swedish.srpa@diasend.com'),('swedish.srpa@diasend.com','postal_code','Not Provided'),('swedish.srpa@diasend.com','pwren_email','d41d8cd98f00b204e9800998ecf8427e');
UNLOCK TABLES;
LOCK TABLES `users` WRITE;
INSERT INTO `users` VALUES ('french.srpa@diasend.com','WG5TaddwSD4tHANzaZh2stJc0IyzGdKx5aNjfy9nEnhYAutWVbpnmT7eVa54ZgiwzKguEs7l06I5RYX68Nvv3w==','gkpqdksgih44gww4gs0wwgscgw88gwc','','','Diasend','Personal','3.89','9.99','No',0,0,0,0,0,0,0,0,0,0,'No','type_2',NULL),('swedish.srpa@diasend.com','yj/BGirfjQcQyv6SKxTPZtcR9OdKarxqc1l5sN4V1Uc0LM31be3+dclahOF3yK3/ALNrua93hOqZlnvwhCbWBQ==','5ytvgnr2cogskosg0ock0wgco4c444w','1914-01-01','','Swedish','SRPA','4.00','10.00','No',0,0,0,0,0,0,0,0,0,0,'No','type_1',NULL);
UNLOCK TABLES;


/*!40103 SET TIME_ZONE=@OLD_TIME_ZONE */;
/*!40101 SET SQL_MODE=@OLD_SQL_MODE */;
/*!40014 SET FOREIGN_KEY_CHECKS=@OLD_FOREIGN_KEY_CHECKS */;
/*!40014 SET UNIQUE_CHECKS=@OLD_UNIQUE_CHECKS */;
/*!40101 SET CHARACTER_SET_CLIENT=@OLD_CHARACTER_SET_CLIENT */;
/*!40101 SET CHARACTER_SET_RESULTS=@OLD_CHARACTER_SET_RESULTS */;
/*!40101 SET COLLATION_CONNECTION=@OLD_COLLATION_CONNECTION */;
/*!40111 SET SQL_NOTES=@OLD_SQL_NOTES */;

